palabra,palab_caro,palab_barato,prob_caro,prob_barato
baño,0.5744208119418439,0.6946892700227622,0.4526170110102898,0.5473829889897102
baño,0.5744208119418439,0.6946892700227622,0.4526170110102898,0.5473829889897102
cina,0.6365891539755814,0.7553927796305119,0.45732573003043375,0.5426742699695662
enta,0.6017084429871867,0.6034288814779525,0.4992862064530574,0.5007137935469426
zona,0.517709996117175,0.5632576359112805,0.478932005712033,0.521067994287967
zona,0.517709996117175,0.5632576359112805,0.478932005712033,0.521067994287967
come,0.6093230941800768,0.7166507860886137,0.4595287307293005,0.5404712692706996
ente,0.5943095042926787,0.46137049388597745,0.5629636872139561,0.4370363127860439
cion,0.5269640622977695,0.5224114657773543,0.502169193200439,0.49783080679956104
piso,0.3782087234134346,0.5313773754698005,0.41580310415670263,0.5841968958432974
piso,0.3782087234134346,0.5313773754698005,0.41580310415670263,0.5841968958432974
cial,0.49609560377928297,0.48017574506378696,0.5081533985066559,0.49184660149334414
cial,0.49609560377928297,0.48017574506378696,0.5081533985066559,0.49184660149334414
ento,0.4009879632425903,0.5740101106346938,0.4112705183590544,0.5887294816409455
coci,0.531903878510721,0.6987189667037214,0.43222330917969753,0.5677766908203025
cocin,0.5317313085120152,0.6981499126568207,0.4323436274656478,0.5676563725343522
para,0.5335864359981017,0.3974313164999206,0.5731216559151864,0.42687834408481357
part,0.3406963199447776,0.5756841882377852,0.37178477379497415,0.6282152262050258
ocina,0.5115837611631218,0.6902559419829548,0.4256672165380625,0.5743327834619375
cocina,0.5115621899132836,0.6902096236303001,0.4256733134761037,0.5743266865238963
cocina,0.5115621899132836,0.6902096236303001,0.4256733134761037,0.5743266865238963
sala,0.4768324776737564,0.6244243290455772,0.4329893579448104,0.5670106420551897
sala,0.4768324776737564,0.6244243290455772,0.4329893579448104,0.5670106420551897
sala,0.4768324776737564,0.6244243290455772,0.4329893579448104,0.5670106420551897
ción,0.42691660554812544,0.3935008734317929,0.5203650781294181,0.47963492187058193
amen,0.3425298761810259,0.5515060081520301,0.38312765984393415,0.6168723401560658
edor,0.4682471202381466,0.6286723836747657,0.4268746417287901,0.5731253582712099
apart,0.297122395271582,0.5579177915409455,0.3474952404040956,0.6525047595959045
parta,0.2964321152767591,0.5558400825790059,0.34781389798066137,0.6521861020193386
aparta,0.2939082790456879,0.5544372981843205,0.34644876679306574,0.6535512332069343
parq,0.44732300789507745,0.4988552749986766,0.47276820445191636,0.5272317955480836
parqu,0.446783726649122,0.49795537557567093,0.4729175765001981,0.5270824234998018
parque,0.4461581604038138,0.49701577470753266,0.47303911165774803,0.5269608883422521
parque,0.4461581604038138,0.49701577470753266,0.47303911165774803,0.5269608883422521
tame,0.3017817852366366,0.5342027949817373,0.3609896550457975,0.6390103449542025
comed,0.44738772164459206,0.6159679212323329,0.42073197677700536,0.5792680232229945
medo,0.44734457914491566,0.6158885183420677,0.42073989250545535,0.5792601074945447
medor,0.4472151516458864,0.6157098618389709,0.42074007664912055,0.5792599233508794
comedo,0.4471720091462099,0.6155312053358742,0.42078729324644265,0.5792127067535575
omedor,0.44706415289701884,0.6154187179079985,0.420773045082872,0.579226954917128
comedor,0.44706415289701884,0.615379016462866,0.42078876855726044,0.5792112314427396
comedor,0.44706415289701884,0.615379016462866,0.42078876855726044,0.5792112314427396
artamento,0.285409206609431,0.5244031549415066,0.35243868846706733,0.6475613115329326
partamento,0.28515035161137237,0.5242178815308878,0.35231226027282486,0.6476877397271751
apartam,0.28307951162690365,0.5237943994494733,0.35083487982561373,0.6491651201743862
apartamen,0.2828422278786833,0.523450320258324,0.35079355319878514,0.6492064468012149
apartament,0.2828206566288451,0.5233378328304483,0.35082512970686264,0.6491748702931373
apartamento,0.2827559428793304,0.5231657932348738,0.35084789280241246,0.6491521071975876
apartamento,0.2827559428793304,0.5231657932348738,0.35084789280241246,0.6491521071975876
habi,0.3896846283273653,0.42779630511883965,0.47668956226856,0.5233104377314399
bita,0.388153069588852,0.4269493409560108,0.47620159696177006,0.5237984030382299
habit,0.3876137883428966,0.4267111322852152,0.4759940148263167,0.5240059851736834
habita,0.38759221709305836,0.426499391244508,0.4761039336648483,0.5238960663351517
habitac,0.3844859571163553,0.4231777036684135,0.47604711686888124,0.5239528831311188
habitaci,0.3844643858665171,0.42290641046000743,0.476193079581031,0.5238069204189689
cuent,0.3875059320937055,0.3506497803186703,0.5249650250992336,0.4750349749007664
dero,0.39643642952672675,0.4425189243555132,0.4725357883375193,0.5274642116624807
coba,0.3095042926787178,0.37277010216505213,0.45363609570836877,0.5463639042916312
alcob,0.30907286768195347,0.3723995553438145,0.453536866994054,0.546463133005946
lcoba,0.3090944389317917,0.3723797046212482,0.45356737574847483,0.5464326242515252
alcoba,0.30907286768195347,0.3723598538986819,0.4535632908338116,0.5464367091661885
alcoba,0.30907286768195347,0.3723598538986819,0.4535632908338116,0.5464367091661885
casa,0.44807800163941497,0.29428696204541843,0.6035818277512943,0.3964181722487057
casa,0.44807800163941497,0.29428696204541843,0.6035818277512943,0.3964181722487057
erca,0.31468139263988953,0.35807395055846697,0.46775012019058504,0.532249879809415
ciones,0.39339488329953837,0.40957334180297494,0.48992584139841205,0.5100741586015879
adero,0.3728374822037189,0.4281403843099889,0.4654778837104586,0.5345221162895415
aciones,0.37935199965486,0.3990789264729236,0.4873290447771693,0.5126709552228308
habitacio,0.3639069847706976,0.3935273410618813,0.48044691448421967,0.5195530855157804
habitacion,0.36364812977263905,0.39337515218887303,0.48036584664925447,0.5196341533507455
integ,0.2816989516372579,0.48808294955269704,0.36594644691151884,0.6340535530884811
integra,0.2814616678890375,0.48787120851198984,0.3658516053619435,0.6341483946380565
parquea,0.3568747573234393,0.41169075221004714,0.46433876214411396,0.535661237855886
eade,0.3554510548341171,0.4115650309671272,0.4634206001857236,0.5365793998142765
queadero,0.35484705983864706,0.4106055793764226,0.46357807349455815,0.5364219265054418
parquead,0.3544803485913974,0.4099108040866021,0.4637420872147674,0.5362579127852327
rqueadero,0.35417835109366236,0.410036525329522,0.46345388191257336,0.5365461180874266
parqueader,0.3542214935933388,0.40954687417288654,0.4637813092853292,0.5362186907146708
arqueadero,0.35417835109366236,0.40949393891270974,0.46378316422965543,0.5362168357703445
parqueadero,0.35415677984382415,0.40946747128262134,0.4637840918768578,0.5362159081231421
parqueadero,0.35415677984382415,0.40946747128262134,0.4637840918768578,0.5362159081231421
uenta,0.35199965486000256,0.3257768249430946,0.519344747640495,0.480655252359505
cuenta,0.35197808361016436,0.3257172727753957,0.5193750854180474,0.4806249145819525
cuenta,0.35197808361016436,0.3257172727753957,0.5193750854180474,0.4806249145819525
tegral,0.26845420423659344,0.4802286803239638,0.3585686407058227,0.6414313592941772
ntegral,0.26834634798740237,0.48010957598856596,0.35853326747938,0.64146673252062
integral,0.2676992104922559,0.4795603726642316,0.35824125448009897,0.6417587455199011
integral,0.2676992104922559,0.4795603726642316,0.35824125448009897,0.6417587455199011
habitacione,0.3580827473143794,0.3872280451008417,0.48044755417265905,0.5195524458273408
abitaciones,0.3580827473143794,0.38702292096765656,0.4805798191550445,0.5194201808449556
habitaciones,0.3580611760645412,0.38699645333756816,0.4805818529123399,0.51941814708766
habitaciones,0.3580611760645412,0.38699645333756816,0.4805818529123399,0.51941814708766
habitaciones,0.3580611760645412,0.38699645333756816,0.4805818529123399,0.51941814708766
ampl,0.3992191207558566,0.2810465300936954,0.5868576786984474,0.41314232130155265
ampli,0.39790327451572544,0.27990842199989413,0.5870410271188882,0.41295897288111183
años,0.347340264894948,0.4101225451273093,0.45855751635481845,0.5414424836451814
bica,0.3829328271280038,0.3701101053411677,0.5085139380730865,0.4914860619269134
ubic,0.38280339962897453,0.37009025461860146,0.5084428557331103,0.4915571442668897
ubica,0.3826308296302688,0.3699645333756815,0.5084150772627648,0.49158492273723514
port,0.2749902929375728,0.3481552061828384,0.441293876511553,0.558706123488447
entr,0.3318521075111092,0.28185379281139167,0.5407347515100014,0.45926524848999856
baños,0.3232451788256612,0.39845032025832405,0.44789690282943617,0.5521030971705638
baños,0.3232451788256612,0.39845032025832405,0.44789690282943617,0.5521030971705638
baños,0.3232451788256612,0.39845032025832405,0.44789690282943617,0.5521030971705638
socia,0.2897881703265887,0.3128143031072998,0.4808944255991033,0.5191055744008967
social,0.28896846283273653,0.31236435339579693,0.48054663745960535,0.5194533625403948
ados,0.3067000301997498,0.3199936477687788,0.48939384739597086,0.5106061526040292
cerc,0.30396048147029636,0.34515774707532687,0.46826674726317985,0.5317332527368203
cerca,0.3025799214806506,0.34490630458948707,0.46731483898450404,0.5326851610154959
cerca,0.3025799214806506,0.34490630458948707,0.46731483898450404,0.5326851610154959
vent,0.3216489063376332,0.3230837435815997,0.49888726184089927,0.5011127381591006
cobas,0.266706932999698,0.3373034778465936,0.4415601589151574,0.5584398410848427
lcobas,0.2664265067518012,0.3371380551585411,0.4414217195067494,0.5585782804932506
alcobas,0.266404935501963,0.3371115875284527,0.4414211133181135,0.5585788866818865
cons,0.33176582251175635,0.2741914139007993,0.547506989892401,0.45249301010759907
lente,0.3195349238534881,0.2869091101582764,0.5268992783055219,0.4731007216944781
exce,0.3201389188489581,0.2851820972950082,0.5288746141482357,0.4711253858517643
esta,0.3345485137408861,0.2359589222381028,0.5864051765895075,0.4135948234104926
excel,0.31867207385995944,0.28441453602244454,0.5284018392019969,0.4715981607980032
excele,0.3184347901117391,0.28418956116669314,0.5284134128270761,0.471586587172924
const,0.317226800120799,0.26162590651633055,0.5480268062729501,0.45197319372704986
excelen,0.3181759351136805,0.2840770737388174,0.5283094155393538,0.4716905844606461
celente,0.31780922386643085,0.2841564766290826,0.5279523793545435,0.47204762064545647
excelent,0.3176366538677251,0.2839447355883754,0.5280027930300596,0.4719972069699404
xcelente,0.3176150826178869,0.2839712032184638,0.5279626382711251,0.47203736172887484
excelente,0.3176150826178869,0.28387194960563233,0.5280497593501859,0.47195024064981395
excelente,0.3176150826178869,0.28387194960563233,0.5280497593501859,0.47195024064981395
venta,0.28955088657836836,0.28846408342597,0.5009401167865861,0.4990598832134138
venta,0.28955088657836836,0.28846408342597,0.5009401167865861,0.4990598832134138
venta,0.28955088657836836,0.28846408342597,0.5009401167865861,0.4990598832134138
clos,0.1687087449846844,0.32692154994441797,0.34039231804588826,0.6596076819541118
close,0.16808317873937617,0.32523423852628236,0.3407201385084301,0.6592798614915699
oset,0.16711247249665645,0.3245593139590281,0.3398862352898475,0.6601137647101525
loset,0.16681047499892143,0.3240034937271717,0.33986497049356146,0.6601350295064385
closet,0.16670261874973036,0.3239505584669949,0.3397565255673389,0.6602434744326612
closet,0.16670261874973036,0.3239505584669949,0.3397565255673389,0.6602434744326612
balc,0.2233487208248846,0.29702636175956804,0.4292071782446211,0.5707928217553788
ctor,0.2603865567971008,0.24000185273410618,0.5203688811278545,0.47963111887214555
ropa,0.17302299495232754,0.31378037160552646,0.35542686603783924,0.6445731339621608
ubicad,0.26163768928771736,0.2543076067968874,0.507103546196134,0.49289645380386615
rinc,0.26981319297640105,0.23232624000846963,0.5373272347334856,0.4626727652665142
ector,0.24589067690581992,0.22766132020538882,0.5192474710397538,0.4807525289602462
sect,0.24390612192070407,0.22711873378857658,0.5178200661054804,0.48217993389451963
secto,0.24375512317183656,0.22701948017574505,0.5177745813783154,0.4822254186216846
sector,0.24347469692393978,0.22687390821025885,0.5176473242744543,0.4823526757255457
sector,0.24347469692393978,0.22687390821025885,0.5176473242744543,0.4823526757255457
princ,0.2681953492385349,0.23049335662484782,0.537801129412399,0.46219887058760095
princi,0.2681953492385349,0.23046027208723732,0.5378368111553335,0.4621631888446664
principa,0.2674403554941973,0.22961992483193056,0.5380441086918596,0.46195589130814046
principal,0.2673540704948445,0.22954713884918745,0.538042704399499,0.46195729560050114
estr,0.2388153069588852,0.20769811021121168,0.534844637978504,0.46515536202149604
piscin,0.23545019198412356,0.24124583134826108,0.4939210323975197,0.5060789676024803
iscina,0.2353639069847707,0.24121274681065058,0.49386369456067547,0.5061363054393246
piscina,0.2353639069847707,0.24117304536551798,0.49390483953857456,0.5060951604614253
piscina,0.2353639069847707,0.24117304536551798,0.49390483953857456,0.5060951604614253
área,0.22608826955433797,0.19856677783071303,0.5324045267954511,0.4675954732045488
comer,0.24491997066310023,0.2066261711926314,0.5424029749352877,0.45759702506471245
serv,0.3662366797532249,0.1756656608967233,0.6758352054984059,0.32416479450159413
comerc,0.24397083567021874,0.2052697051506008,0.5430739514836596,0.45692604851634044
comerci,0.24369040942232192,0.2052233867979461,0.5428445538411357,0.4571554461588642
porte,0.15125760386556797,0.25205785823937327,0.37503546994241266,0.6249645300575873
ista,0.2490400793821994,0.19856016092319093,0.5563895122403942,0.44361048775960565
vend,0.18309676862677424,0.2486964692181462,0.42403806400630545,0.5759619359936946
mueble,0.17666853617498599,0.22573580011645758,0.439032386686392,0.560967613313608
ropas,0.1522714526079641,0.2549031284738765,0.3739709198039504,0.6260290801960496
nive,0.19537080978471894,0.14416918109152507,0.5753985245759401,0.42460147542406
tran,0.17651753742611848,0.2063614948917474,0.4610269106603198,0.5389730893396801
mplia,0.25848828681133784,0.16802974961621936,0.6060430385931436,0.3939569614068565
amplia,0.25846671556149964,0.16800328198613096,0.6060607241958037,0.3939392758041963
amplia,0.25846671556149964,0.16800328198613096,0.6060607241958037,0.3939392758041963
amplia,0.25846671556149964,0.16800328198613096,0.6060607241958037,0.3939392758041963
centr,0.1969670822727469,0.19345190831612938,0.5045017968405117,0.4954982031594883
unid,0.18514603736140473,0.20551453072891854,0.47393070221153666,0.5260692977884635
unida,0.18411061736917037,0.20483298925414217,0.47336069865644925,0.5266393013435509
comercia,0.22410371456922215,0.1909507172727754,0.5399381319087654,0.4600618680912346
omercial,0.2239311445705164,0.19048091683870627,0.5403586560898607,0.4596413439101392
comercial,0.2239311445705164,0.19048091683870627,0.5403586560898607,0.4596413439101392
comercial,0.2239311445705164,0.19048091683870627,0.5403586560898607,0.4596413439101392
onas,0.2129945209025411,0.18560425599491823,0.5343581898580049,0.4656418101419951
unidad,0.1828810561283921,0.20272881266211423,0.47426445983348914,0.5257355401665109
tien,0.2091332671815005,0.14999867661849559,0.5823298951595594,0.4176701048404406
entro,0.19489624228827818,0.18747022391615054,0.5097106036073746,0.49028939639262537
servi,0.34237887743215845,0.15521941665343286,0.6880628038754213,0.31193719612457865
iene,0.21195910091030673,0.146273357683553,0.5916803344462204,0.4083196655537796
mina,0.18669916734975625,0.1980440421364671,0.48525656268000095,0.5147434373199992
nmueble,0.1591742525561931,0.20589831136520037,0.43600716210069984,0.5639928378993002
inmuebl,0.1591742525561931,0.20589831136520037,0.43600716210069984,0.5639928378993002
inmueble,0.1591742525561931,0.20589169445767827,0.43601506483469676,0.5639849351653031
inmueble,0.1591742525561931,0.20589169445767827,0.43601506483469676,0.5639849351653031
anti,0.157362267569783,0.21556561325498916,0.42196434126018834,0.5780356587398118
servic,0.3380646274645153,0.1528240961304325,0.6886787396311554,0.3113212603688445
vicio,0.3378704862159714,0.1529961357260071,0.6883142407998326,0.31168575920016733
servici,0.3375469174683981,0.15263220581229156,0.6886195299572351,0.3113804700427649
servicio,0.3373959187195306,0.15259250436715896,0.6885793680473099,0.31142063195269015
servicio,0.3373959187195306,0.15259250436715896,0.6885793680473099,0.31142063195269015
zonas,0.19819664351352517,0.18138266899581812,0.522148170308008,0.477851829691992
liar,0.2124336684067475,0.1740114340161982,0.5497124095371482,0.45028759046285183
isos,0.18257905863065707,0.19318723201524535,0.48588461279169837,0.5141153872083017
tiene,0.20410716596919626,0.14137684611719867,0.5907861401069852,0.4092138598930149
ende,0.1637257862720566,0.20857815891165105,0.439763769334404,0.5602362306655959
pisos,0.1812632123905259,0.192638028690911,0.48478900970282196,0.515210990297178
pisos,0.1812632123905259,0.192638028690911,0.48478900970282196,0.515210990297178
cuart,0.25173648561197637,0.16232597533216875,0.6079674188236405,0.3920325811763595
stra,0.15253030760602268,0.17538113387327298,0.46515701592453723,0.5348429840754628
arto,0.249600931877993,0.16064528082155524,0.6084173946068652,0.3915826053931348
arto,0.249600931877993,0.16064528082155524,0.6084173946068652,0.3915826053931348
centro,0.17830795116269035,0.17964242231750568,0.49813595507410585,0.5018640449258941
centro,0.17830795116269035,0.17964242231750568,0.49813595507410585,0.5018640449258941
estud,0.25337590059968074,0.17745222592769044,0.588113646715643,0.41188635328435697
estudi,0.25333275810000433,0.17741914139007994,0.5881175646582051,0.4118824353417948
cuarto,0.24787523189093577,0.1600960774972209,0.6075800581729132,0.3924199418270869
cuarto,0.24787523189093577,0.1600960774972209,0.6075800581729132,0.3924199418270869
studio,0.252405194356961,0.1770552114763644,0.5877263443348024,0.4122736556651975
estudio,0.2519521981103585,0.17618177968344714,0.5884891440027253,0.4115108559972746
estudio,0.2519521981103585,0.17618177968344714,0.5884891440027253,0.4115108559972746
digo,0.13671858147461063,0.20018130326610556,0.40581367838647836,0.5941863216135216
segu,0.2043228784675784,0.16727542215869992,0.5498487967335158,0.4501512032664842
balcó,0.13343975149920187,0.20601079879307607,0.3931051264589376,0.6068948735410624
balcón,0.13343975149920187,0.20597109734794347,0.3931511086120198,0.6068488913879803
balcón,0.13343975149920187,0.20597109734794347,0.3931511086120198,0.6068488913879803
balcón,0.13343975149920187,0.20597109734794347,0.3931511086120198,0.6068488913879803
cada,0.2603865567971008,0.1503030543645122,0.6340227503213722,0.36597724967862777
atio,0.13699900772250745,0.1898986289767614,0.4190884005947721,0.580911599405228
pati,0.13604987272962596,0.1896207188608332,0.41775301867204784,0.582246981327952
patio,0.13477716898917122,0.18786062145995447,0.4177352219079966,0.5822647780920035
patio,0.13477716898917122,0.18786062145995447,0.4177352219079966,0.5822647780920035
vist,0.20656628845075284,0.16277592504367158,0.5592815576004316,0.4407184423995684
mplio,0.22408214331938392,0.15333359800963423,0.5937276026969865,0.4062723973030135
amplio,0.22403900081970748,0.15324096130432482,0.5938269277763916,0.40617307222360843
amplio,0.22403900081970748,0.15324096130432482,0.5938269277763916,0.40617307222360843
vista,0.20609172095431208,0.16265020380075168,0.5589050420323325,0.44109495796766757
buen,0.15507571508693213,0.16443015192419672,0.4853610875368703,0.5146389124631298
buen,0.15507571508693213,0.16443015192419672,0.4853610875368703,0.5146389124631298
nado,0.1261702403037232,0.19189693504843577,0.3966779664202365,0.6033220335797634
bicado,0.14431166141766255,0.1841088348949235,0.4394112518492412,0.5605887481507588
ubicado,0.14429009016782432,0.1840691334497909,0.4394275530869653,0.5605724469130346
ubicado,0.14429009016782432,0.1840691334497909,0.4394275530869653,0.5605724469130346
priv,0.18348505112386213,0.1463064422211635,0.5563668403414557,0.4436331596585443
nsta,0.13352603649855474,0.18018500873431792,0.42563383893428514,0.574366161065715
tura,0.19448638854135208,0.1434810227092266,0.5754590000902611,0.4245409999097388
saló,0.13123948401570387,0.17387909586575617,0.43012616297142897,0.5698738370285709
salón,0.13123948401570387,0.17384601132814567,0.43017280735614505,0.569827192643855
espa,0.198477069761422,0.12442432904557726,0.6146677298231629,0.38533227017683713
hermos,0.20268346347987404,0.14977370176274415,0.5750584282783822,0.4249415717216179
nivel,0.1627550800293369,0.08868641151871262,0.6472880789375807,0.35271192106241933
acce,0.1984986410112602,0.14506246360700864,0.5777680835897075,0.4222319164102925
ceso,0.19707493852193797,0.1462601238685088,0.5740017845827259,0.4259982154172742
terra,0.23663661072522543,0.12747472341326557,0.6499017979902265,0.35009820200977354
pacio,0.19317054230122094,0.12038139854957387,0.6160719075030127,0.3839280924969874
espac,0.1925665473057509,0.12038801545709597,0.6153179094297963,0.38468209057020375
espaci,0.192178264808663,0.12029537875178657,0.6150223187431332,0.38497768125686677
spacio,0.1920272660597955,0.12003070245090254,0.6153576752942694,0.3846423247057305
espacio,0.1920272660597955,0.12000423482081414,0.6154098721374592,0.38459012786254065
espacio,0.1920272660597955,0.12000423482081414,0.6154098721374592,0.38459012786254065
mica,0.08537900685965745,0.17879545815467682,0.3231917469957769,0.676808253004223
fant,0.12038914534708141,0.18922370440950717,0.38883769017251363,0.6111623098274863
infan,0.1194184391043617,0.18864141654756234,0.3876468709356673,0.6123531290643326
infant,0.1194184391043617,0.1883238049865015,0.3880469496709802,0.6119530503290198
acces,0.1956080935329393,0.1432891323910857,0.577190010923227,0.4228099890767731
infanti,0.11918115535614134,0.1881186808533164,0.3878334490061577,0.6121665509938423
fantil,0.11911644160662668,0.1881186808533164,0.387704506740296,0.6122954932597039
infantil,0.11909487035678848,0.1880789794081838,0.38771161818596034,0.6122883818140396
priva,0.1667457612494068,0.13828675030437776,0.546649143725801,0.45335085627419913
acceso,0.19414124854394063,0.141859880366312,0.5777993936317892,0.4222006063682107
consta,0.11521204538590966,0.1712786512095707,0.40214934291072973,0.5978506570892702
privad,0.1632943612752923,0.13715525911809856,0.5434999753419039,0.4565000246580962
raza,0.23137322576470082,0.12257159493938913,0.6536985773783558,0.3463014226216442
terraz,0.23104965701712757,0.12243263988142501,0.6536385528903517,0.3463614471096483
erraza,0.23051037577117217,0.1221414959504526,0.6536485249485128,0.3463514750514872
terraza,0.23051037577117217,0.1221414959504526,0.6536485249485128,0.3463514750514872
terraza,0.23051037577117217,0.1221414959504526,0.6536485249485128,0.3463514750514872
constr,0.23303421200224342,0.10712773278280663,0.6850684374746825,0.3149315625253176
constru,0.23294792700289055,0.10691599174209941,0.6854152916940804,0.31458470830591956
cubiert,0.15205574010958195,0.1544320046583029,0.4961233938562199,0.50387660614378
vado,0.14821605763837956,0.14381186808533164,0.5075406993049267,0.49245930069507343
bierto,0.1474179213943656,0.1572309565401514,0.483894516184801,0.516105483815199
vende,0.11805945036455412,0.17036551797152083,0.40932465398415285,0.5906753460158471
cerrad,0.15427757884291815,0.14580355724948388,0.5141195506385061,0.48588044936149377
gara,0.18967599982743,0.14953549309194855,0.5591673742979896,0.44083262570201037
tres,0.14720220889598343,0.13163014133714468,0.527923710333143,0.47207628966685683
tres,0.14720220889598343,0.13163014133714468,0.527923710333143,0.47207628966685683
entes,0.19703179602226153,0.1266806945106135,0.608662939443332,0.3913370605566679
metr,0.13354760774839294,0.12717034566724894,0.5122301935819841,0.487769806418016
codigo,0.12261098408041762,0.17505690540469007,0.41190530927774743,0.5880946907222526
asce,0.07925277190560422,0.18054232174051135,0.3050587707155077,0.6949412292844923
censo,0.0789723456577074,0.18047615266529035,0.30438544130400624,0.6956145586959936
censor,0.07892920315803098,0.18026441162458315,0.30451831625647474,0.6954816837435251
ascenso,0.07871349065964882,0.18001296913874332,0.30423440540633095,0.695765594593669
ascensor,0.07867034815997238,0.17987401408077922,0.3042818163898544,0.6957181836101456
ascensor,0.07867034815997238,0.17987401408077922,0.3042818163898544,0.6957181836101456
lote,0.22746882954398379,0.08246651844793818,0.7339234811961896,0.2660765188038105
lote,0.22746882954398379,0.08246651844793818,0.7339234811961896,0.2660765188038105
metro,0.128952931532853,0.12374278757080091,0.5103091258936503,0.4896908741063498
metro,0.128952931532853,0.12374278757080091,0.5103091258936503,0.4896908741063498
ntra,0.16504163251218776,0.1066380816261712,0.6074860356638061,0.39251396433619395
verd,0.18482246861383148,0.13388650680218092,0.5799098327010772,0.4200901672989228
araje,0.18035721989732084,0.1419789847017098,0.5595313753901017,0.4404686246098983
mini,0.13139048276457138,0.13041263035307818,0.5018675339644524,0.4981324660355475
junto,0.10129858924026058,0.13503123180350432,0.4286322766753229,0.5713677233246771
garaj,0.17983950990120368,0.1417076914933037,0.5592942781690019,0.4407057218309981
garaje,0.17979636740152724,0.1416944576782595,0.5592581603437854,0.44074183965621455
garaje,0.17979636740152724,0.1416944576782595,0.5592581603437854,0.44074183965621455
garaje,0.17979636740152724,0.1416944576782595,0.5592581603437854,0.44074183965621455
verde,0.18391647612062642,0.13333068657032449,0.5797261496702187,0.4202738503297814
conj,0.09702748177229388,0.13173601185749828,0.42413883540926073,0.5758611645907393
conjunt,0.09650977177617671,0.13135223122121645,0.42354482321162085,0.5764551767883791
onjunto,0.09638034427714742,0.13132576359112805,0.42326639886577827,0.5767336011342217
conjunto,0.09638034427714742,0.13131914668360595,0.42327869891355924,0.5767213010864408
conjunto,0.09638034427714742,0.13131914668360595,0.42327869891355924,0.5767213010864408
cubierto,0.13063548902023384,0.14418241490656927,0.47535290515507383,0.5246470948449261
form,0.14776306139177703,0.13256974220528295,0.527098718008636,0.4729012819913641
ilum,0.14515294016135294,0.14227012863268224,0.5050149271955907,0.4949850728044093
ilumi,0.1450882264118383,0.1420980890371076,0.5052059189694612,0.49479408103053873
lumina,0.14513136891151474,0.1418532634587899,0.5057112909246217,0.4942887090753783
ilumin,0.14480780016394149,0.1419194325340109,0.5050367863609475,0.4949632136390524
comp,0.15356572759825704,0.11495553438145148,0.5718941079975322,0.4281058920024679
ilumina,0.14448423141636826,0.14159520406542797,0.5050493446795201,0.49495065532047977
trans,0.09823547176323397,0.15102429728442116,0.39410881322148966,0.6058911867785103
jueg,0.09657448552569135,0.1515337991636229,0.3892432920836308,0.6107567079163693
comu,0.10017688424867337,0.14145624900746387,0.41458256530772764,0.5854174346922724
comun,0.10011217049915871,0.14142316446985337,0.4144825042348469,0.5855174957651531
juego,0.09638034427714742,0.1513948441056588,0.38898303299135145,0.6110169670086486
hora,0.1169377453729669,0.15234767878884126,0.4342520421851774,0.5657479578148226
hora,0.1169377453729669,0.15234767878884126,0.4342520421851774,0.5657479578148226
pend,0.19211355105914837,0.09587898999523582,0.6670782179142266,0.33292178208577333
juegos,0.09256223305578325,0.14761658991053941,0.3853888195162074,0.6146111804837927
juegos,0.09256223305578325,0.14761658991053941,0.3853888195162074,0.6146111804837927
anos,0.10774839294188705,0.10631385315758828,0.5033507538354806,0.4966492461645195
reci,0.12826265153803013,0.12144672066063204,0.5136477273908155,0.4863522726091844
ubicac,0.14221925018335563,0.13507093324863692,0.5128895961015365,0.48711040389846355
ubicaci,0.14202510893481168,0.1348261076703192,0.5130015705778175,0.48699842942218247
perm,0.1357263039820527,0.1250794028902652,0.520411556977547,0.47958844302245296
ador,0.08850683808619872,0.13327775131014769,0.399066672427948,0.600933327572052
inde,0.18559903360800725,0.08902387380233974,0.6758323089584128,0.32416769104158705
horas,0.1107036541697226,0.1447911703986025,0.4332911805816948,0.5667088194183051
horas,0.1107036541697226,0.1447911703986025,0.4332911805816948,0.5667088194183051
lava,0.12103628284222788,0.12275686835000794,0.4964712185322562,0.5035287814677438
ancha,0.10654040295094698,0.12138716849293314,0.46743095745737434,0.5325690425426257
indep,0.18229863238276026,0.08780636281827325,0.6749176639516763,0.3250823360483238
indepe,0.18206134863453988,0.08769387539039754,0.6749131524426355,0.3250868475573645
nter,0.1695068812286984,0.10280027526335292,0.6224841220199306,0.37751587798006947
indepen,0.18188877863583416,0.08763432322269864,0.6748541308021303,0.3251458691978698
independ,0.18186720738599593,0.08754830342491134,0.6750435668629404,0.3249564331370596
info,0.12752922904353078,0.12123497961992483,0.5126510350050422,0.4873489649949579
privado,0.12455239656585702,0.11724498438409825,0.5151106106961332,0.48488938930386677
pendiente,0.18311833987661244,0.08778651209570695,0.6759507574095541,0.3240492425904459
ntos,0.14972604512705467,0.0997167963580541,0.6002419000506496,0.39975809994935046
independi,0.18091807239311447,0.08680720978243608,0.6757601333836092,0.3242398666163907
deros,0.20770956469217827,0.09613043248107564,0.683614950712823,0.3163850492871769
ciuda,0.13732257647008067,0.10871579058811075,0.5581348068271076,0.44186519317289236
ciudad,0.13732257647008067,0.10864300460536763,0.558299969734212,0.4417000302657879
ciudad,0.13732257647008067,0.10864300460536763,0.558299969734212,0.4417000302657879
ciales,0.139156132706329,0.1180787147318829,0.540969211956224,0.459030788043776
dependiente,0.18007679364942406,0.08605949923243873,0.6766337341647712,0.3233662658352287
independient,0.18009836489926226,0.08592054417447462,0.6770133955001725,0.32298660449982747
independiente,0.18003365114974762,0.08590069345190832,0.6769853341787075,0.32301466582129246
spor,0.07735450191984124,0.14428828542692287,0.3490052748651763,0.6509947251348236
sport,0.07722507442081195,0.14422873325922397,0.348718657086219,0.6512813429137809
gran,0.14206825143448812,0.09466147901116934,0.6001284721062977,0.3998715278937023
gran,0.14206825143448812,0.09466147901116934,0.6001284721062977,0.3998715278937023
forma,0.12804693903964795,0.11259991530358372,0.5320947967057826,0.4679052032942173
canc,0.10705811294706415,0.11425414218410883,0.4837423615949791,0.5162576384050209
estre,0.13633029897752275,0.10367370705627019,0.5680334309016793,0.43196656909832065
infor,0.12172656283705077,0.11549812079826373,0.5131277275689448,0.4868722724310552
inform,0.12172656283705077,0.11547165316817533,0.5131849846390447,0.4868150153609552
gimn,0.11980672160144959,0.12679979884601134,0.4858213861663654,0.5141786138336346
edif,0.12612709780404677,0.10195331110052405,0.5529940007114708,0.4470059992885293
gimna,0.11974200785193494,0.12677333121592294,0.48573856825588346,0.5142614317441165
transp,0.0751110919366668,0.13970938542162933,0.3496458664477784,0.6503541335522217
verdes,0.14338409767461927,0.11582234926684665,0.5531656305871062,0.4468343694128939
mente,0.1343241727425687,0.09425123074479912,0.5876580362243223,0.4123419637756776
transpo,0.07470123818974071,0.13939177386056853,0.3489195535825655,0.6510804464174346
transpor,0.07470123818974071,0.13927928643269283,0.3491029771122876,0.6508970228877123
transport,0.07465809569006428,0.13925943571012653,0.34900410079245,0.65099589920755
canch,0.10280857672893567,0.11174633423323276,0.4791713984447714,0.5208286015552285
cancha,0.10272229172958282,0.11169339897305595,0.47908010553221436,0.5209198944677856
cancha,0.10272229172958282,0.11169339897305595,0.47908010553221436,0.5209198944677856
nsporte,0.07392467319556495,0.13923958498756023,0.34679675582412944,0.6532032441758705
transporte,0.07381681694637388,0.1391469482822508,0.34661679120449773,0.6533832087955023
gimnasi,0.11827516286293628,0.12562198930707744,0.48493867931877305,0.5150613206812269
alor,0.09461150179041374,0.11327483987083796,0.4551116780177028,0.5448883219822972
gimnasio,0.11808102161439234,0.12553596950929014,0.4846994500249924,0.5153005499750076
gimnasio,0.11808102161439234,0.12553596950929014,0.4846994500249924,0.5153005499750076
tante,0.14530393891022045,0.11189852310624107,0.5649399223127214,0.4350600776872786
valor,0.09389965054575262,0.11292414377216664,0.45400796777480423,0.5459920322251959
entra,0.14092497519306268,0.09098909533640358,0.6076603065580586,0.3923396934419414
lado,0.13009620777427844,0.09847943465142131,0.5691604161916212,0.4308395838083789
rica,0.1343026014927305,0.10471917844476206,0.5618843668884587,0.43811563311154134
tier,0.18521075111091936,0.09685829230850669,0.6566149509555288,0.3433850490444712
caba,0.12929807153026446,0.11138240431951724,0.5372187796859956,0.46278122031400437
buena,0.10964666292765003,0.11176618495579906,0.4952136426399593,0.5047863573600406
dificio,0.12008714784934639,0.09885659838018104,0.5484840280546504,0.45151597194534954
edifici,0.12008714784934639,0.09881689693504843,0.5485835036425382,0.45141649635746184
edificio,0.12006557659950817,0.09881028002752633,0.548555598821027,0.45144440117897294
edificio,0.12006557659950817,0.09881028002752633,0.548555598821027,0.45144440117897294
vest,0.1843047586177143,0.09509819490762797,0.6596378323574077,0.3403621676425923
cont,0.11915958410630312,0.08837541686517389,0.5741662059340056,0.4258337940659944
ofici,0.1315630527632771,0.0841273622359854,0.6099624443845914,0.39003755561540854
pacios,0.14077397644419518,0.08508681382668996,0.6232776228018974,0.37672237719810275
espacios,0.1406876914448423,0.08506034619660155,0.6232067083050215,0.37679329169497855
inter,0.15343630009922776,0.09285506325763591,0.6229869290093878,0.3770130709906122
anta,0.13464774149014194,0.09177650733153353,0.5946701477021845,0.40532985229781543
cale,0.08971482807713879,0.11852204753586364,0.430830648092652,0.5691693519073481
supe,0.10263600673022995,0.11590836906463395,0.46963462846817416,0.5303653715318257
super,0.10263600673022995,0.11582896617436875,0.4698053210344616,0.5301946789655384
estier,0.17949436990379222,0.09238526282356678,0.660197926939931,0.33980207306006904
metros,0.1125156391561327,0.08977820125985919,0.5561990366328426,0.4438009633671573
vestie,0.17936494240476294,0.09237202900852258,0.66006823242306,0.3399317675769401
vestier,0.1793433711549247,0.09229262611825736,0.6602341845530898,0.3397658154469101
vestier,0.1793433711549247,0.09229262611825736,0.6602341845530898,0.3397658154469101
porter,0.07767807066741447,0.1277989518818485,0.37803774701276494,0.6219622529872351
estra,0.10136330298977522,0.11015165952040654,0.47922521313307026,0.5207747868669297
endo,0.099939600500453,0.10487798422529247,0.48794443423534156,0.5120555657646585
ruta,0.12502696406229777,0.09161108464348103,0.5771237546184688,0.42287624538153123
ruta,0.12502696406229777,0.09161108464348103,0.5771237546184688,0.42287624538153123
barri,0.06257819578066354,0.11995791646815944,0.34282638656925296,0.657173613430747
arrio,0.06292333577807498,0.11982557831771744,0.34431578479909397,0.655684215200906
barrio,0.06255662453082532,0.11973294161240802,0.34317172317844946,0.6568282768215506
segun,0.11551404288364468,0.10322375734476735,0.5280936480252693,0.47190635197473074
rent,0.11372362914707278,0.08168572336033032,0.5819763879662021,0.4180236120337979
vigi,0.10207515423443635,0.11480996241596528,0.4706415811785365,0.5293584188214636
vigil,0.10198886923508348,0.11476364406331058,0.4705314262939119,0.529468573706088
vigila,0.10185944173605418,0.11465777354295696,0.47044500182027,0.5295549981797301
segund,0.11469433538979248,0.10287306124609602,0.5271669246552599,0.47283307534474006
tiles,0.06510203201173476,0.12466253771637288,0.343067370821709,0.6569326291782911
aderos,0.18769144484231418,0.08090492827272246,0.6987862221130148,0.3012137778869852
construi,0.17828637991285215,0.07802657350060875,0.6955808418517837,0.3044191581482163
aria,0.10664825920013805,0.07948229315547085,0.5729755693003201,0.4270244306996799
aria,0.10664825920013805,0.07948229315547085,0.5729755693003201,0.4270244306996799
acute,0.028323051037577117,0.029855486739717326,0.4868298881281073,0.5131701118718928
vers,0.08936968807972734,0.09473426499391245,0.4854305765177151,0.5145694234822848
acab,0.11238621165710341,0.1026414694828225,0.5226592737330866,0.4773407262669133
arqueaderos,0.18452047111609646,0.07848314011963368,0.7015891160167789,0.29841088398322124
parqueaderos,0.18449889986625825,0.07847652321211158,0.7015822912518914,0.2984177087481085
idades,0.08179817938651365,0.11062807686199777,0.425088451967149,0.574911548032851
bado,0.11262349540532378,0.10221137049388598,0.5242328564031191,0.47576714359688094
acaba,0.1118037879114716,0.10210549997353237,0.5226691604507443,0.4773308395492557
mano,0.07737607316967945,0.07459901540416071,0.5091365558381282,0.4908634441618717
vigilanc,0.09851589801113077,0.10980096342173522,0.472913701433042,0.527086298566958
vigilanci,0.09851589801113077,0.10976126197660262,0.47300384745467494,0.5269961525453251
vigilancia,0.09849432676129255,0.10972817743899212,0.4730244079023899,0.5269755920976101
vigilancia,0.09849432676129255,0.10972817743899212,0.4730244079023899,0.5269755920976101
informa,0.10179472798653955,0.09534963739346779,0.5163461192021604,0.4836538807978395
resid,0.08667328184995039,0.10232385792176169,0.45859573300761197,0.5414042669923881
infantile,0.05733638206997713,0.12296860939071516,0.31799664338453354,0.6820033566154665
infantiles,0.05733638206997713,0.12283627124027315,0.3182302142781131,0.6817697857218868
abad,0.10917209543120929,0.10154306283415383,0.5181027142514537,0.4818972857485462
ubicació,0.10716596919625523,0.10370017468635859,0.5082179966069518,0.49178200339304823
ubicación,0.10714439794641702,0.10362738870361547,0.5083431689285844,0.4916568310714156
ubicación,0.10714439794641702,0.10362738870361547,0.5083431689285844,0.4916568310714156
prime,0.11350791664869063,0.0969178444762056,0.5394202498871755,0.4605797501128245
rimer,0.11348634539885241,0.09685829230850669,0.5395257356488435,0.46047426435115635
primer,0.11348634539885241,0.09685167540098459,0.5395427082907132,0.4604572917092869
residen,0.08371802062211485,0.10057037742840506,0.45427721716461394,0.5457227828353861
acabado,0.10776996419172527,0.10006749245672543,0.5185300375091394,0.4814699624908606
informac,0.10151430173864273,0.09191546238949765,0.5248122086908666,0.47518779130913325
informaci,0.10147115923896631,0.09187576094436505,0.524813941400005,0.47518605859999496
manos,0.07377367444669744,0.07187284950505532,0.5065254730771048,0.49347452692289523
lico,0.07524051943569611,0.10748504578900005,0.4117678844948349,0.5882321155051651
abados,0.10725225419560809,0.09854560372664231,0.5211534040170989,0.478846595982901
cabados,0.10692868544803485,0.0982743105182362,0.5210873503309404,0.47891264966905944
segundo,0.10347728547392036,0.09683844158594039,0.5165709502329692,0.4834290497670308
segundo,0.10347728547392036,0.09683844158594039,0.5165709502329692,0.4834290497670308
acabados,0.10688554294835843,0.09810227092266159,0.5214238882298227,0.47857611177017734
acabados,0.10688554294835843,0.09810227092266159,0.5214238882298227,0.47857611177017734
cuadra,0.08934811682988912,0.085682335503679,0.5104718386924578,0.4895281613075421
cuadra,0.08934811682988912,0.085682335503679,0.5104718386924578,0.4895281613075421
atura,0.11301177790241167,0.08546397755544968,0.5693984015413175,0.43060159845868257
sita,0.10179472798653955,0.09357630617754487,0.5210328563908107,0.4789671436091894
merca,0.08345916562405625,0.10442803451378964,0.4441982506675567,0.5558017493324434
cerámic,0.029660468527546485,0.11253374622836271,0.20859124668652443,0.7914087533134756
cerámica,0.029552612278355407,0.1123881742628765,0.20820380807014033,0.7917961919298597
natura,0.11091936666810474,0.08474935154306283,0.5668732727548176,0.4331267272451824
atural,0.11050951292117865,0.08449129214970091,0.5667131111638758,0.43328688883612415
natural,0.11050951292117865,0.08447805833465671,0.5667515740076764,0.43324842599232355
residenci,0.07698779067259157,0.09798978349478588,0.4399866156502303,0.5600133843497697
residencia,0.07698779067259157,0.09797654967974168,0.4400198950115088,0.5599801049884912
blico,0.07282453945381595,0.10444126832883384,0.41082112994463105,0.5891788700553691
mercado,0.08151775313861685,0.10307156847175904,0.4416168412530462,0.5583831587469539
esidencial,0.07582294318132793,0.09722883912974432,0.4381517611013741,0.5618482388986258
residencial,0.07580137193148971,0.09722883912974432,0.43808171686656616,0.5619182831334338
prop,0.1005004529962466,0.08079905775236886,0.5543338345551168,0.44566616544488336
habitació,0.0906855343198585,0.07640543115769415,0.5427315238778807,0.45726847612211935
habitación,0.09064239182018206,0.07640543115769415,0.5426134277259437,0.4573865722740563
ario,0.08339445187454161,0.0871049706209306,0.4891186764973132,0.5108813235026867
cula,0.14338409767461927,0.07189931713514372,0.6660248203574894,0.3339751796425106
comple,0.11393934164545494,0.07779498173733523,0.5942563628421368,0.40574363715786327
cond,0.11510418913671858,0.06346276004446562,0.6445996286800381,0.3554003713199618
comerciale,0.10278700547909746,0.08937456990101106,0.5348988489284491,0.4651011510715508
comerciales,0.10272229172958282,0.08929516701074586,0.5349632913770485,0.46503670862295166
preci,0.07515423443634324,0.08769387539039754,0.46149896683665653,0.5385010331633435
lida,0.1097545191768411,0.06971573765285057,0.6115471227134459,0.3884528772865541
propi,0.09402907804478192,0.0772259276904346,0.5490588589869521,0.4509411410130479
estrat,0.07843306441175202,0.09382774866338468,0.4553157680588742,0.5446842319411259
recio,0.07241468570688986,0.08669472235456037,0.45512510284069635,0.5448748971593036
admi,0.0677768669916735,0.0954885924514319,0.4151329204772325,0.5848670795227676
precio,0.07215583070883128,0.08664178709438357,0.45438862186363665,0.5456113781363635
precio,0.07215583070883128,0.08664178709438357,0.45438862186363665,0.5456113781363635
superm,0.07735450191984124,0.0954422740987772,0.4476617197505264,0.5523382802494737
rmoso,0.08326502437551232,0.09004949446826531,0.480427288671446,0.519572711328554
hermoso,0.08326502437551232,0.08998994230056641,0.4805924238304027,0.5194075761695973
hermoso,0.08326502437551232,0.08998994230056641,0.4805924238304027,0.5194075761695973
minis,0.0687475732343932,0.09396670372134878,0.42250486263779075,0.5774951373622094
construid,0.1608136675438975,0.06080276322058123,0.7256396422826658,0.27436035771733425
admin,0.0669571594978213,0.09455560849081573,0.41456264004175797,0.5854373599582421
supermercad,0.07694464817291514,0.09453575776824943,0.4487081060404946,0.5512918939595053
supermercado,0.07694464817291514,0.09450929013816103,0.44877737385834315,0.5512226261416567
bien,0.10617369170369731,0.07485045789000053,0.5865167268676601,0.41348327313233996
depo,0.09049139307131455,0.08623153882801333,0.5120523527917924,0.48794764720820755
adici,0.0886146943353898,0.08109681859086337,0.5221489856960773,0.47785101430392274
espec,0.14280167392898743,0.06188793605420571,0.6976498413413008,0.30235015865869924
rest,0.11145864791406014,0.07544597956698958,0.5963396916181808,0.40366030838181927
ermosa,0.13786185771603607,0.0673601185749828,0.6717694674206748,0.32823053257932533
hermosa,0.13784028646619786,0.0673535016674607,0.6717566244082,0.32824337559179984
hermosa,0.13784028646619786,0.0673535016674607,0.6717566244082,0.32824337559179984
admini,0.06596488200526339,0.09290138161029061,0.4152227194371116,0.5847772805628884
adminis,0.06572759825704301,0.0927690434598486,0.4146939490014328,0.5853060509985673
administ,0.0655765995081755,0.0927359589222381,0.4142223469719223,0.5857776530280778
agua,0.10459899046550757,0.06506405166481394,0.6165101671651215,0.3834898328348784
agua,0.10459899046550757,0.06506405166481394,0.6165101671651215,0.3834898328348784
administra,0.06549031450882264,0.0925903869567519,0.4142840580896876,0.5857159419103124
camp,0.12166184908753613,0.061325498914827165,0.664864813964979,0.33513518603502107
plan,0.10537555545968333,0.0703046424223175,0.5998146446218199,0.40018535537818006
cular,0.13559687648302343,0.06632788100153512,0.671521799368226,0.3284782006317739
visita,0.09027568057293239,0.08292970197448521,0.521205976657325,0.47879402334267496
cole,0.0636351870227361,0.09034063839923773,0.4132803759833246,0.5867196240166753
bicada,0.12125199534061004,0.07284553491080409,0.624696229692117,0.3753037703078829
ubicada,0.12123042409077182,0.07282568418823779,0.6247184134831221,0.375281586516878
formación,0.082833599378748,0.075803292573183,0.5221584863365052,0.4778415136634949
información,0.08261788688036585,0.07550553173468848,0.522489885457739,0.477510114542261
inmo,0.06492946201302903,0.07551876554973268,0.4623017544597648,0.5376982455402353
loca,0.09236809180723932,0.0617423640887195,0.5993629132444962,0.4006370867555038
made,0.09461150179041374,0.07216399343602774,0.567298581017276,0.432701418982724
porterí,0.055696967082272744,0.0954555079138214,0.36848200523155167,0.6315179947684484
area,0.08740670434444972,0.06692340267852416,0.566361975835591,0.4336380241644089
area,0.08740670434444972,0.06692340267852416,0.566361975835591,0.4336380241644089
ortería,0.055524397083567024,0.09499232438727437,0.3688918848416679,0.6311081151583321
portería,0.055524397083567024,0.09497909057223017,0.36892432161141553,0.6310756783885846
colegi,0.05981707580137193,0.08960616166428458,0.40031976830324206,0.599680231696758
administraci,0.058954225807843305,0.09102879678153618,0.39307266109209577,0.6069273389079042
bierta,0.11918115535614134,0.06974882219046107,0.6308218362368858,0.3691781637631142
cerrada,0.09646662927650028,0.08103064951564237,0.5434822997453784,0.4565177002546215
colegio,0.05932093705509297,0.08955984331162987,0.39844590355433224,0.6015540964456678
mader,0.09448207429138444,0.07123762638293367,0.5701318184074327,0.42986818159256723
adiciona,0.08397687562017343,0.07741120110105341,0.5203412626648412,0.47965873733515885
adicional,0.08378273437162949,0.0772987136731777,0.5201265284648056,0.47987347153519455
adicional,0.08378273437162949,0.0772987136731777,0.5201265284648056,0.47987347153519455
madera,0.09413693429397299,0.07076782594886454,0.5708563788901403,0.4291436211098598
jard,0.12634281030242892,0.058466994865279766,0.6836369433308859,0.3163630566691142
complet,0.09299365805254757,0.0701987719019639,0.5698405133036427,0.43015948669635734
abiert,0.1119547866603391,0.07191916785771002,0.6088670195503387,0.3911329804496613
tota,0.11352948789852885,0.06364141654756234,0.6407908129919443,0.3592091870080557
otal,0.11342163164933776,0.06365465036260654,0.6405241309600522,0.35947586903994766
total,0.11340006039949954,0.06360833200995183,0.6406479311850105,0.3593520688149895
total,0.11340006039949954,0.06360833200995183,0.6406479311850105,0.3593520688149895
mercados,0.07299710945252168,0.08692631411783389,0.4564503924617888,0.5435496075382112
local,0.0895854005781095,0.05822216928696205,0.60609480732204,0.39390519267796004
local,0.0895854005781095,0.05822216928696205,0.60609480732204,0.39390519267796004
centros,0.08729884809525863,0.07752368852892912,0.5296535891466647,0.4703464108533353
sito,0.1293196427801027,0.06540813085596316,0.6641047672110353,0.33589523278896466
tica,0.0800724793994564,0.07560478534751998,0.5143492181057966,0.48565078189420335
negoc,0.07083998446870012,0.07904557725901223,0.47262714068077255,0.5273728593192275
cela,0.07140083696449372,0.0800050288497168,0.47158567193235024,0.5284143280676499
arte,0.11046637042150222,0.06651977131967604,0.624152655878823,0.37584734412117704
supermercados,0.07120669571594979,0.08302233867979461,0.46169449218774705,0.538305507812253
lenta,0.03442771474179214,0.09352998782489017,0.26905543043687347,0.7309445695631265
nados,0.04096380344277147,0.09021491715631783,0.31227475962329104,0.6877252403767089
calentado,0.03399628974502783,0.09337779895188185,0.26690114208332416,0.7330988579166757
vendo,0.06715130074636524,0.07985945688423059,0.45677814214862417,0.5432218578513758
vendo,0.06715130074636524,0.07985945688423059,0.45677814214862417,0.5432218578513758
calentador,0.03391000474567497,0.09327854533905035,0.2666120867254652,0.7333879132745347
calentador,0.03391000474567497,0.09327854533905035,0.2666120867254652,0.7333879132745347
iluminad,0.07183226196125804,0.07999179503467259,0.47312832618603634,0.5268716738139636
errado,0.08128046939039647,0.07423508549044519,0.5226517016428021,0.47734829835719783
cerrado,0.08123732689072005,0.07420861786035679,0.5226082096950766,0.47739179030492346
vivi,0.08721256309590578,0.06533534487322006,0.5717060578343476,0.42829394216565253
resta,0.10129858924026058,0.06791593880683923,0.5986400246441296,0.4013599753558705
alcon,0.07237154320721342,0.07467180138690381,0.49217829890213743,0.5078217010978626
balco,0.07222054445834591,0.07463209994177121,0.4917891996658407,0.5082108003341592
balcon,0.07211268820915484,0.07446006034619661,0.49199246735775265,0.5080075326422473
balcon,0.07211268820915484,0.07446006034619661,0.49199246735775265,0.5080075326422473
rato,0.05932093705509297,0.08137472870679159,0.4216259025028433,0.5783740974971567
tranq,0.08540057810949567,0.07054285109311312,0.5476381951209971,0.4523618048790029
tranquil,0.08527115061046638,0.07045683129532582,0.5475647315718203,0.4524352684281798
call,0.06637473575218948,0.06657270657985284,0.4992554545458313,0.5007445454541688
terior,0.09937874800465939,0.054357895294055374,0.6464219972044244,0.3535780027955756
este,0.06682773199879201,0.06350246148959822,0.512757099564538,0.48724290043546203
calle,0.06549031450882264,0.06622201048118151,0.4972223709041109,0.5027776290958891
mill,0.06173691703697312,0.0686835000794029,0.47336849859853136,0.5266315014014685
lana,0.057142240821433196,0.07836403578423588,0.42169442075159624,0.5783055792484038
mplios,0.11245092540661807,0.05955216769890424,0.6537726931319221,0.3462273068680779
amplios,0.11245092540661807,0.059519083161293736,0.6538984695241824,0.34610153047581754
nivele,0.10927995168040036,0.06094171827854534,0.641986133180086,0.358013866819914
niveles,0.1090642391820182,0.06085569848075803,0.6418566336721916,0.35814336632780835
trato,0.05269856335476077,0.0785625430098989,0.40147889054323227,0.5985211094567676
niño,0.04672332714957505,0.07333518606743952,0.38917129570911146,0.6108287042908884
inas,0.10052202424608482,0.051883171880789794,0.6595708466685218,0.3404291533314781
edad,0.07804478191466413,0.05911545180244561,0.5690044395493664,0.4309955604506337
star,0.1209284265930368,0.051704515377693085,0.7004945012959366,0.29950549870406334
iños,0.04635661590232538,0.07238235138425705,0.3904077739739926,0.6095922260260074
niños,0.046248759653134304,0.07236250066169075,0.389918794643764,0.610081205356236
niños,0.046248759653134304,0.07236250066169075,0.389918794643764,0.610081205356236
encuen,0.0726088269554338,0.057560478534752,0.5578029834453423,0.4421970165546578
turc,0.07817420941369344,0.06932534010904663,0.5299962587454633,0.4700037412545366
encuentr,0.0724578282065663,0.05746122492192049,0.5577151808126808,0.44228481918731916
turco,0.07795849691531127,0.06927902175639193,0.5294744004015446,0.47052559959845547
turco,0.07795849691531127,0.06927902175639193,0.5294744004015446,0.47052559959845547
cara,0.06665516200008628,0.06644698533693293,0.5007820184246399,0.4992179815753602
lentes,0.07213425945899306,0.0673535016674607,0.5171368360669232,0.48286316393307677
elentes,0.07196168946028733,0.06714176062675348,0.5173249794685821,0.4826750205314178
remo,0.07047327322145044,0.06245037319358425,0.530178603447335,0.4698213965526651
cuentra,0.07181069071141982,0.056964956857762955,0.5576418528420959,0.4423581471579041
dela,0.0693084257301868,0.06366788417765074,0.5212088211668883,0.47879117883311173
encuentra,0.07170283446222875,0.05688555396749775,0.5576151574635708,0.4423848425364292
estrato,0.04944130462919021,0.07693478375946218,0.39122357132260843,0.6087764286773917
tipo,0.0803529056473532,0.05967127203430205,0.5738502234238104,0.4261497765761895
ministración,0.04482505716381207,0.0757834418506167,0.3716575326789326,0.6283424673210674
excelentes,0.07161654946287588,0.06667196019268434,0.5178778022935788,0.48212219770642123
excelentes,0.07161654946287588,0.06667196019268434,0.5178778022935788,0.48212219770642123
administració,0.044738772164459206,0.0757569742205283,0.3712892239491799,0.6287107760508202
administración,0.044717200914620996,0.0757569742205283,0.371176651464571,0.628823348535429
administración,0.044717200914620996,0.0757569742205283,0.371176651464571,0.628823348535429
millo,0.0549419733379352,0.06554046900640517,0.456016430849819,0.543983569150181
útil,0.06684930324863023,0.07045683129532582,0.486863194209503,0.5131368057904969
útil,0.06684930324863023,0.07045683129532582,0.486863194209503,0.5131368057904969
puert,0.09241123430691574,0.05226033560954952,0.6387656839576349,0.361234316042365
todo,0.07942534190430993,0.05734212058652268,0.5807327302693339,0.4192672697306662
millon,0.05420855084343587,0.06423693822455137,0.45766665552219027,0.5423333444778097
millone,0.05401440959489193,0.06405166481393255,0.45749305941906365,0.5425069405809364
illones,0.05401440959489193,0.06405166481393255,0.45749305941906365,0.5425069405809364
millones,0.0539712670952155,0.06403843099888835,0.45734603144376723,0.5426539685562327
millones,0.0539712670952155,0.06403843099888835,0.45734603144376723,0.5426539685562327
semi,0.03268044350489668,0.07538642739929066,0.3024094547335541,0.6975905452664458
cano,0.06121920704085595,0.06393256047853475,0.4891597478347304,0.5108402521652697
abierta,0.0951076405366927,0.05810306495156424,0.6207636746635983,0.3792363253364017
abierta,0.0951076405366927,0.05810306495156424,0.6207636746635983,0.3792363253364017
ficina,0.10259286423055351,0.03440791911492245,0.7488487417757624,0.2511512582242375
oficina,0.10259286423055351,0.03440130220740035,0.7488849116580371,0.25111508834196283
oficina,0.10259286423055351,0.03440130220740035,0.7488849116580371,0.25111508834196283
iluminaci,0.07461495319038786,0.06348922767455402,0.5402801908173736,0.45971980918262656
inmobili,0.05983864705121015,0.05110237679318194,0.5393734885225229,0.4606265114774772
inmobiliar,0.059752362051857286,0.051009740087872533,0.5394657639891832,0.4605342360108169
mien,0.09103067431726994,0.04881954369805728,0.6509154980887711,0.349084501911229
aura,0.09120324431597567,0.05832803980731565,0.6099275135013013,0.39007248649869886
comod,0.046248759653134304,0.07064872161346673,0.39563521088754294,0.6043647891124571
doble,0.10112601924155486,0.0506061087290244,0.6664773017693597,0.3335226982306403
espectacula,0.11365891539755814,0.04651024297284421,0.7096179848477069,0.2903820151522931
spectacular,0.1136157728978817,0.04645730771266741,0.7097743884513846,0.29022561154861526
espectacular,0.11359420164804349,0.04645069080514531,0.7097646160827559,0.2902353839172442
espectacular,0.11359420164804349,0.04645069080514531,0.7097646160827559,0.2902353839172442
sitan,0.06995556322533328,0.06454131597056799,0.5201277802397154,0.4798722197602847
ambi,0.09141895681435783,0.04791964427505161,0.6560921101518523,0.3439078898481477
imen,0.12468182406488632,0.04263273516489333,0.7451941100574271,0.2548058899425729
visitan,0.06913585573148108,0.06397226192366735,0.5193962393082268,0.48060376069177324
ameri,0.06961042322792182,0.06292017362765338,0.5252403964027986,0.47475960359720126
americ,0.06937313947970146,0.06283415382986607,0.5247300488730381,0.4752699511269618
visitant,0.0688770007334225,0.06346276004446562,0.5204558352574169,0.4795441647425831
visitante,0.0688770007334225,0.06342967550685512,0.5205859801688113,0.4794140198311887
america,0.06932999698002502,0.06266873114181357,0.525232310693414,0.47476768930658586
cabina,0.018702273609732947,0.07843020485945688,0.19254397606733836,0.8074560239326616
auxi,0.0693084257301868,0.05462918850246149,0.5592202670618233,0.4407797329381768
restaurant,0.08898140558263946,0.056058440527235194,0.613496276845411,0.38650372315458903
restaurante,0.08891669183312481,0.055998888359536286,0.6135757916085532,0.38642420839144676
restaurante,0.08891669183312481,0.055998888359536286,0.6135757916085532,0.38642420839144676
cali,0.06753958324345312,0.05248531046530094,0.5627131268896687,0.4372868731103313
cali,0.06753958324345312,0.05248531046530094,0.5627131268896687,0.4372868731103313
cali,0.06753958324345312,0.05248531046530094,0.5627131268896687,0.4372868731103313
auxilia,0.06904957073212822,0.054457148906886875,0.559075416576086,0.440924583423914
uxiliar,0.06892014323309893,0.05392779630511884,0.5610199364528862,0.4389800635471139
auxiliar,0.06892014323309893,0.05392117939759674,0.5610501560643171,0.4389498439356829
visitantes,0.06753958324345312,0.0617423640887195,0.5224208378445848,0.477579162155415
campestr,0.10360671297294965,0.040700598168439996,0.7179588626070214,0.28204113739297865
ampestre,0.103541999223435,0.040707215075962096,0.71779939825896,0.28220060174104
campestre,0.103541999223435,0.040700598168439996,0.7178323262034338,0.28216767379656604
apro,0.07083998446870012,0.05394103012016304,0.567714445199123,0.43228555480087705
inca,0.08850683808619872,0.024925890635752474,0.7802583882395057,0.21974161176049434
minu,0.06259976703050174,0.04734397332062887,0.5693800013586494,0.43061999864135064
miento,0.08363173562276198,0.04694034196178074,0.6405024502165262,0.3594975497834737
bles,0.05824237456318219,0.058632417553332275,0.49833136391908506,0.5016686360809148
colegios,0.04441520341688598,0.06826663490551056,0.3941647037192333,0.6058352962807667
minuto,0.061823202036325985,0.04715869991001006,0.567279529281554,0.432720470718446
mayo,0.061283920790370594,0.05739505584669949,0.516383967295082,0.48361603270491804
porce,0.04167565468743259,0.06808797840241385,0.3796854524058912,0.6203145475941089
finca,0.08803227058975797,0.024383304218940235,0.7830967438414631,0.2169032561585369
finca,0.08803227058975797,0.024383304218940235,0.7830967438414631,0.2169032561585369
oportu,0.0625350532809871,0.0575472447197078,0.5207682924307896,0.4792317075692104
apto,0.0382458259631563,0.05365650309671272,0.4161573091171756,0.5838426908828244
apto,0.0382458259631563,0.05365650309671272,0.4161573091171756,0.5838426908828244
remodel,0.06305276327710428,0.05554893864803345,0.53163455712384,0.46836544287616
oportunida,0.06242719703179602,0.05718993171351437,0.5218917866246099,0.47810821337539017
portunidad,0.0624056257819578,0.05718993171351437,0.521805551049172,0.47819444895082786
comunes,0.04724103714569222,0.06242390556349584,0.43077610746551026,0.5692238925344898
oportunidad,0.0624056257819578,0.05713699645333757,0.5220366143476843,0.47796338565231566
oportunidad,0.0624056257819578,0.05713699645333757,0.5220366143476843,0.47796338565231566
porcel,0.04055394969584538,0.06758509343073421,0.3750167240556763,0.6249832759443237
porcela,0.04053237844600716,0.06745937218781431,0.37532846914802215,0.6246715308519779
remodela,0.06249191078131067,0.05535043142237044,0.5303009903969693,0.4696990096030307
american,0.06738858449458561,0.058586099200677574,0.5349375169506341,0.465062483049366
porcelana,0.04048923594633073,0.06703589010639988,0.3765560425985895,0.6234439574014106
negocia,0.04780188964148583,0.06386639140331375,0.4280704349904737,0.5719295650095262
minutos,0.06111135079166487,0.0463448202847917,0.5687095508752428,0.4312904491247572
cabinado,0.017537426118469306,0.07392409083690646,0.1917465039096809,0.808253496090319
lavan,0.08000776564994176,0.0520022762161876,0.6060733298689291,0.3939266701310709
porcelanat,0.04040295094697787,0.06673812926790536,0.3771004629218345,0.6228995370781655
lavander,0.07981362440139782,0.051916256418400294,0.6058885342087272,0.3941114657912727
porcelanato,0.04027352344794857,0.06673151236038326,0.3763703562520814,0.6236296437479186
porcelanato,0.04027352344794857,0.06673151236038326,0.3763703562520814,0.6236296437479186
famili,0.06050735579619483,0.05251839500291144,0.5353413303464053,0.46465866965359476
familia,0.060442642046680185,0.05250516118786724,0.5351378275252063,0.4648621724747936
stica,0.058134518313991114,0.0575538616272299,0.5025095722105204,0.49749042778947966
salo,0.05427326459295052,0.056045206712190994,0.4919689690299493,0.5080310309700506
univ,0.04001466844988999,0.061854851516595206,0.3928031511589994,0.6071968488410007
sant,0.058112947064152896,0.04947461754274522,0.5401455760847933,0.4598544239152068
niver,0.03986366970102248,0.0617688317188079,0.39223347988209945,0.6077665201179006
luminado,0.04452305966607705,0.0645677836006564,0.4081282931988671,0.5918717068011329
iluminado,0.044501488416238834,0.0645611666931343,0.40803598969427857,0.5919640103057214
univer,0.0397558134518314,0.06160340903075539,0.3922268983334134,0.6077731016665866
guridad,0.07390310194572673,0.04875337462283627,0.6025209920685769,0.39747900793142316
segurid,0.0739893869450796,0.04874675771531417,0.6028329075335176,0.39716709246648235
mayor,0.05878165580913758,0.0547482928378593,0.5177634316730794,0.48223656832692063
segurida,0.07394624444540317,0.04871367317770367,0.6028558136865492,0.39714418631345083
seguridad,0.07390310194572673,0.04870705627018157,0.6027486059971336,0.39725139400286635
seguridad,0.07390310194572673,0.04870705627018157,0.6027486059971336,0.39725139400286635
grand,0.0767505069243712,0.04097850828436822,0.651925158706957,0.348074841293043
cercan,0.04325035592562233,0.05669366364935684,0.4327458122011534,0.5672541877988466
mentos,0.04905302213210233,0.04425387750780795,0.5257169868617177,0.4742830131382822
servicios,0.06838086198714353,0.051869938065745594,0.5686520335587624,0.43134796644123763
vías,0.06333318952500108,0.05450346725954158,0.5374659401683642,0.46253405983163576
salon,0.05343198584926011,0.054357895294055374,0.49570502613522605,0.504294973864774
renta,0.0553518270848613,0.038914033137472874,0.5871884789923864,0.41281152100761365
renta,0.0553518270848613,0.038914033137472874,0.5871884789923864,0.41281152100761365
comodida,0.03994995470037534,0.06263564660420307,0.3894304287573774,0.6105695712426227
comodidad,0.03988524095086069,0.06260256206659255,0.3891706112977014,0.6108293887022985
ntilde,0.02806419603951853,0.034672595415806466,0.4473323450005106,0.5526676549994893
rande,0.0749600931877993,0.04019771319676036,0.6509336669498241,0.34906633305017576
grande,0.07489537943828466,0.039992589063575244,0.6518992407553293,0.3481007592446707
ilidad,0.062211484533413866,0.04846884759938595,0.562082560962768,0.43791743903723196
terc,0.04536433840976746,0.058639034460854375,0.43618141563735446,0.5638185843626455
urantes,0.0757798006816515,0.05182361971309089,0.5938696662458262,0.406130333754174
cómo,0.0443073471676949,0.053285956275475096,0.45399987093884686,0.5460001290611531
cómo,0.0443073471676949,0.053285956275475096,0.45399987093884686,0.5460001290611531
restaurantes,0.07567194443246042,0.051783918267958286,0.5937109743654957,0.4062890256345044
utas,0.04974330212692524,0.05830157217722725,0.4603948354541558,0.5396051645458441
amplias,0.06939471072953966,0.047403525488327776,0.5941417694021981,0.40585823059780185
amplias,0.06939471072953966,0.047403525488327776,0.5941417694021981,0.40585823059780185
amplias,0.06939471072953966,0.047403525488327776,0.5941417694021981,0.40585823059780185
nica,0.05492040208809698,0.05209491292149701,0.5132013308858955,0.4867986691141045
cter,0.0514905733638207,0.05468212376263829,0.48497000412913954,0.5150299958708604
ticas,0.04954916087838129,0.055218093271928434,0.47294511324400124,0.5270548867559988
terce,0.04359549592303378,0.0575935630723625,0.43083211125638804,0.569167888743612
caract,0.05082186461883602,0.05456963633476258,0.48221976306430714,0.5177802369356929
estar,0.0960783467794124,0.04023741464189296,0.7048219940060132,0.2951780059939869
caracter,0.05077872211915958,0.05454978561219628,0.4820985620405117,0.5179014379594883
tercer,0.043530782173519134,0.05742152347678789,0.43120146581205643,0.5687985341879436
público,0.03541999223435006,0.059538933883860036,0.37300329397425264,0.6269967060257473
saun,0.06520988826092584,0.052769837488751255,0.5527211378613017,0.4472788621386983
sauna,0.06518831701108763,0.052763220581229155,0.5526703453108178,0.4473296546891822
aven,0.05461840459036196,0.044068604097189136,0.5534508069171198,0.44654919308288027
negociabl,0.043099357176754824,0.05911545180244561,0.4216547250557897,0.5783452749442103
egociable,0.043077785926916606,0.05907575035731301,0.42169647271982813,0.5783035272801719
negociable,0.043077785926916606,0.05906913344979091,0.42172378951586476,0.5782762104841352
conta,0.047219465895854004,0.04858133502726166,0.4928921829552312,0.5071078170447689
porta,0.07562880193278398,0.04613969615160658,0.6210867598972118,0.37891324010278815
fruta,0.09310151430173864,0.035771002064475144,0.7224311042175542,0.27756889578244587
planta,0.07038698822209759,0.042454078661796624,0.6237710273913044,0.3762289726086956
planta,0.07038698822209759,0.042454078661796624,0.6237710273913044,0.3762289726086956
universida,0.038008542214935936,0.05674659890953364,0.4011237993409585,0.5988762006590416
universidad,0.03798697096509772,0.05668042983431264,0.40126770825352925,0.5987322917464707
aman,0.04739203589455973,0.05417923879095866,0.46658896465849603,0.533411035341504
aire,0.06218991328357565,0.044717061034354987,0.5817198894679132,0.41828011053208675
niza,0.032464731006514515,0.05222063416441692,0.3833570409832531,0.6166429590167469
distribu,0.061413348289399886,0.04903790164628659,0.5560222118369836,0.4439777881630164
sticas,0.04765089089261832,0.05304774760467948,0.47320293107932154,0.5267970689206786
jacuz,0.11044479917166401,0.03452702345032026,0.7618363153207374,0.23816368467926266
rente,0.06264290953017818,0.04547138849187444,0.5794137378332752,0.42058626216672484
nación,0.0560421070796842,0.050103223757344766,0.5279752452392736,0.4720247547607264
jacuzz,0.10930152293023858,0.03410354136890583,0.7621873290488159,0.23781267095118414
obre,0.07185383321109626,0.043023132708697266,0.625485123460383,0.37451487653961707
ruida,0.09458993054057552,0.036320205388809486,0.7225562013899277,0.27744379861007235
construc,0.06902799948229,0.032905881107405645,0.677184063659281,0.322815936340719
venida,0.05054143837093921,0.04199089513524959,0.5462030023003674,0.4537969976996325
rutas,0.045256482160576386,0.054390979831665874,0.45416592912421283,0.5458340708757873
solo,0.06264290953017818,0.04478984701709809,0.5830894742295092,0.4169105257704908
avenid,0.05026101212304241,0.04186517389232968,0.5455670564138616,0.45443294358613845
avenida,0.05026101212304241,0.04185194007728548,0.5456454377201418,0.4543545622798582
domin,0.06344104577419216,0.032952199460060345,0.658148251156181,0.3418517488438191
acuzzi,0.106842400448682,0.0337065269175798,0.7601794083440945,0.23982059165590555
sobre,0.07148712196384659,0.04221586999100101,0.6287180375362041,0.37128196246379586
construida,0.09331722680012079,0.03601582764279286,0.7215265053630208,0.27847349463697924
jacuzzi,0.10645411795159411,0.03356757185961569,0.7602687704678139,0.239731229532186
nmobiliaria,0.04079123344406575,0.03872214281933196,0.5130109594257428,0.486989040574257
inmobiliaria,0.0407265196945511,0.03868905828172146,0.5128278447676752,0.48717215523232493
inmobiliaria,0.0407265196945511,0.03868905828172146,0.5128278447676752,0.48717215523232493
toda,0.0732991069502567,0.03859642157641205,0.6550673464381275,0.34493265356187247
dientes,0.0893265455800509,0.03384548197554391,0.7252177897269131,0.27478221027308697
remodelad,0.05215928210880538,0.046834471441427133,0.5268946801005796,0.47310531989942034
pendientes,0.08883040683377195,0.0336932931025356,0.7250059121618867,0.2749940878381133
puerta,0.06551188575866086,0.039688211317558626,0.6227359819943535,0.37726401800564646
puerta,0.06551188575866086,0.039688211317558626,0.6227359819943535,0.37726401800564646
comodidade,0.030070322274472584,0.05731565295643428,0.344109248595274,0.655890751404726
llas,0.0393459597049053,0.05397411465777354,0.4216237500196505,0.5783762499803495
comodidades,0.030048751024634366,0.05730903604891218,0.34397335407931423,0.6560266459206857
sión,0.05241813710686397,0.04003890741622995,0.5669458436319686,0.43305415636803135
oficio,0.031601881012985895,0.05142660526176486,0.38061492423710647,0.6193850757628935
dulto,0.02909961603175288,0.05747445873696469,0.3361239044077853,0.6638760955922147
adulto,0.029078044781914666,0.05742152347678789,0.33616404529266747,0.6638359547073325
dependientes,0.0879459855904051,0.03318379122333386,0.7260476152419524,0.27395238475804773
independientes,0.08790284309072868,0.03315070668572336,0.7261484132688192,0.2738515867311807
aniz,0.02726605979550455,0.049924567254248056,0.3532301891773781,0.646769810822622
cabinados,0.014560593640795547,0.0617886824413742,0.19071030385572915,0.8092896961442708
cana,0.04933344837999914,0.04818432057593563,0.5058918893262558,0.49410811067374416
partamentos,0.038698822209758836,0.037140701921549946,0.5102724819680511,0.48972751803194886
iluminació,0.051555287113335346,0.0477277539569107,0.5192758658234317,0.4807241341765683
luminación,0.051598429613011774,0.047707903234344394,0.5195885109595554,0.4804114890404446
iluminación,0.05151214461365892,0.047707903234344394,0.5191707294131842,0.4808292705868158
apartamentos,0.03856939471072954,0.03702821449367424,0.5101933132097352,0.48980668679026473
oacute,0.021916389835627076,0.023549573871155575,0.48203948731779706,0.517960512682203
tren,0.02746020104404849,0.05454978561219628,0.3348397209129102,0.6651602790870897
dultos,0.028193623538547822,0.055926102376793185,0.3351606681044371,0.664839331895563
adultos,0.028172052288709608,0.05587978402413848,0.3351747388819779,0.6648252611180221
adultos,0.028172052288709608,0.05587978402413848,0.3351747388819779,0.6648252611180221
hall,0.06945942447905432,0.0378354772113705,0.6473692914083075,0.3526307085916926
